Title,Authors,Contributors,ISBN/UID,Format,Read Status,Date Added,Last Date Read,Dates Read,Read Count,Moods,Pace,Character- or Plot-Driven?,Strong Character Development?,Loveable Characters?,Diverse Characters?,Flawed Characters?,Star Rating,Review,Content Warnings,Content Warning Description,Tags,Owned?
Pigs in Heaven,Barbara Kingsolver,"",9780571171781,paperback,read,2026/09/19,2015,2015,1,"",,,,,,,,,"",,"fiction, literary",No
The Spirit of Tea,Frank Hadley Murphy,"",9781890932350,hardcover,read,2026/09/19,2024,2024,1,"",,,,,,,,,"",,"nonfiction, tea",No
"Guns, Germs, and Steel: The Fates of Human Societies",Jared Diamond,"",9780739467350,paperback,read,2026/09/21,2018,2018,1,"",,,,,,,,,"",,"nonfiction, history",No
The Witness for the Dead,Katherine Addison,"",9780765387448,digital,read,2026/09/19,2022,2022,1,"",,,,,,,,,"",,"fiction, fantasy",No
"The Claim of Reason: Wittgenstein, Skepticism, Morality, and Tragedy",Stanley Cavell,"",,,read,2026/09/21,2010,2010,1,"",,,,,,,4.75,"","","","nonfiction, philosophy",No
Parable of the Sower,Octavia E. Butler,"",9780446675505,paperback,read,2026/09/19,2023,2023,1,"",,,,,,,,,"",,"fiction, dystopic, science-fiction",No
Oathbringer,Brandon Sanderson,"",9780765326379,hardcover,read,2026/09/19,2018,2018,1,"",,,,,,,,,"",,"fiction, fantasy, cosmere",No
The Privileged Poor: How Elite Colleges Are Failing Disadvantaged Students,Anthony Abraham Jack,"",9780674976894,hardcover,read,2026/09/19,2023,2023,1,"",,,,,,,,,"",,"nonfiction, race, education",No
Fahrenheit 451,Ray Bradbury,"",9781451673319,paperback,read,2026/09/19,2006,2006,1,"",,"","","","","",4.0,"","","","fiction, dystopic, science-fiction",No
Memory and Dream,Charles de Lint,"",9780765316783,paperback,read,2026/09/19,2024,2024,1,"",,,,,,,,,"",,"fiction, fantasy",No
Exit Strategy,Martha Wells,"",9781250191854,hardcover,read,2026/09/19,2022,2022,1,"",,,,,,,,,"",,"fiction, science-fiction",No
All Systems Red,Martha Wells,"",9781250214713,hardcover,read,2026/09/19,2022,2022,1,"",,,,,,,,,"",,"fiction, science-fiction",No
The Anxious Generation: How The Great Rewiring of Childhood is Causing an Epidemic of Mental Illness,Jonathan Haidt,"",9780593655030,hardcover,read,2026/09/19,2025,2025,1,"",,,,,,,,,"",,"nonfiction, psychology, tech-ethics",No
The Other Significant Others: Reimagining Life with Friendship at the Center,Rhaina Cohen,"",9781250280916,hardcover,read,2026/09/21,2024,2024,1,"",,,,,,,,,"",,"lgbtqia, nonfiction",No
The Three-Body Problem,Cixin Liu,Ken Liu (Translator),9780765377067,hardcover,read,2026/09/19,2025,2025,1,"",,,,,,,,,"",,"fiction, science-fiction",No
In the Lives of Puppets,TJ Klune,"",9781250217448,hardcover,read,2026/09/19,2024,2024,1,"",,,,,,,,,"",,"lgbtqia, fiction, science-fiction",No
Lao Tzu: Tao Te Ching: A Book about the Way and the Power of the Way,"Ursula K. Le Guin, Laozi, J.P. Seaton","",,paperback,read,2026/09/19,2026,2026-2026,1,"",,,,,,,,,"",,"nonfiction, spirituality",No
The Man Who Mistook His Wife for a Hat and Other Clinical Tales,Oliver Sacks,"",9780684853949,paperback,read,2026/09/22,2017,2017,1,"",,,,,,,,,"",,"nonfiction, psychology",No
Living Beautifully: with Uncertainty and Change,Pema Chödrön,"",9781590309636,hardcover,currently-reading,2026/09/19,"","",0,"",,,,,,,,,"",,"nonfiction, buddhism, spirituality",No
The Way of Kings,Brandon Sanderson,"",9780765326355,hardcover,read,2026/09/19,2018,2018,1,"",,,,,,,,,"",,"fiction, fantasy, cosmere",No
The Age of Surveillance Capitalism: The Fight for a Human Future at the New Frontier of Power,Shoshana Zuboff,"",9781610395694,hardcover,read,2026/09/20,2023,2023,1,"",,,,,,,,,"",,"",No
Edgedancer,Brandon Sanderson,"",9781250166548,hardcover,read,2026/09/19,2025,2025,1,"",,,,,,,,,"",,"fiction, fantasy, cosmere",No
The Places That Scare You: A Guide to Fearlessness in Difficult Times,Pema Chödrön,"",9781590304495,paperback,read,2026/09/19,2026,2026-2026,1,"",,,,,,,,,"",,"nonfiction, buddhism, spirituality",No
Something in the Woods Loves You,Jarod K. Anderson,"",9781643262291,hardcover,currently-reading,2026/09/19,"","",0,"",,,,,,,,,"",,"nonfiction, mental-health, memoir",No
Algorithms of Oppression: How Search Engines Reinforce Racism,Safiya Umoja Noble,"",9781479837243,paperback,read,2026/09/19,2020,2020,1,"",,,,,,,,,"",,"nonfiction, ai, tech-ethics",No
Tehanu,Ursula K. Le Guin,"",9781416509639,paperback,read,2026/09/21,2016,2016,1,"",,,,,,,,,"",,"fiction, fantasy",No
The Two Towers,J.R.R. Tolkien,"",9780618346264,paperback,read,2026/09/21,2006,2006,1,"",,,,,,,,,"",,"fiction, fantasy",No
The City We Became,N.K. Jemisin,"",9780316509848,hardcover,read,2026/09/19,2021,2021,1,"",,,,,,,,,"",,"fiction, magical-realism, fantasy",No
A Different Kind of Power,Jacinda Ardern,"",9780593728697,hardcover,read,2026/09/19,2026,2026,1,"",,,,,,,,,"",,"nonfiction, memoir, politics",No
The Stranger,Albert Camus,Matthew Ward (Translator),9780881032475,hardcover,read,2026/09/22,2006,2006,1,"",,,,,,,,,"",,"fiction, literary",No
Hero of Two Worlds: The Marquis de Lafayette and the Age of Revolution,Mike Duncan,"",9781541730335,hardcover,read,2026/09/19,2022,2022,1,"",,,,,,,,,"",,"nonfiction, history, biography",No
Children of Blood and Bone,Tomi Adeyemi,"",9781250170972,hardcover,read,2026/09/19,2021,2021,1,"",,,,,,,,,"",,"fiction, fantasy",No
How to Be an Antiracist,Ibram X. Kendi,"",9780525509288,hardcover,read,2026/09/19,2021,2021,1,"",,,,,,,,,"",,"nonfiction, race, politics",No
The Western Wind,Samantha Harvey,"",9781787330597,hardcover,read,2026/09/19,2024,2024,1,"",,,,,,,,,"",,"fiction, historical, mystery",No
"The Utopia of Rules: On Technology, Stupidity, and the Secret Joys of Bureaucracy",David Graeber,"",9781612193748,hardcover,read,2026/09/19,2026,2026,1,"",,,,,,,,,"",,"nonfiction, theory, politics",No
The Sympathizer,Viet Thanh Nguyen,"",9780802123459,hardcover,read,2026/09/19,2020,2020,1,"",,,,,,,,,"",,"fiction, historical",No
Dune,Frank Herbert,"",9780593099322,hardcover,read,2026/09/19,2021,2021,1,"",,"","","","","",4.0,"","","","fiction, science-fiction",No
A Drop of Corruption,Robert Jackson Bennett,"",9780593723821,hardcover,read,2026/09/19,2026,2026,1,"",,,,,,,,,"",,"fiction, fantasy, mystery",No
The Gateless Gate: The Classic Book of Zen Koans,Koun Yamada,Koun Yamada (Translator),9780861713820,paperback,read,2026/09/23,2008,2008,1,"",,,,,,,,,"",,"nonfiction, buddhism, spirituality",No
The Broken Kingdoms,N.K. Jemisin,"",9780316043960,paperback,read,2026/09/19,2018,2018,1,"",,,,,,,,,"",,"fiction, fantasy",No
So You Want to Talk About Race,Ijeoma Oluo,"",9781580056779,hardcover,read,2026/09/19,2020,2020,1,"",,,,,,,,,"",,"nonfiction, race, sociology, politics",No
The Beginning Comes After the End: Notes on a World of Change,Rebecca Solnit,"","",digital,currently-reading,2026/09/20,"","",0,"",,,,,,,,,"",,"nonfiction, politics",No
Birth Vibes: Stories and Strategies for an Empowered Birth,Jen Hamilton,"",9781538771471,hardcover,read,2026/09/19,2026,2026-2026,1,"",,,,,,,,,"",,"parenthood, nonfiction",No
A Tale for the Time Being,Ruth Ozeki,"",9780670026630,hardcover,read,2026/09/22,2013,2013,1,"",,,,,,,,,"",,"fiction, literary",No
The Sentence,Louise Erdrich,"",9780062671127,hardcover,read,2026/09/19,2022,2022,1,"",,,,,,,,,"",,"fiction, literary",No
Onyx Storm,Rebecca Yarros,"",9781649377159,hardcover,read,2026/09/19,2025,2025,1,"",,,,,,,,,"",,"fiction, romance, fantasy",No
Kindred,Octavia E. Butler,"","",paperback,read,2026/09/19,2023,2023,1,"",,,,,,,,,"",,"fiction, historical, science-fiction",No
The World We Make,N.K. Jemisin,"",9780356512693,hardcover,read,2026/09/19,2022,2022,1,"",,,,,,,,,"",,"lgbtqia, fiction, fantasy",No
Wild Seed,Octavia E. Butler,"",9780446676977,paperback,read,2026/09/19,2021,2021,1,"",,,,,,,,,"",,"fiction, science-fiction",No
Red Mars,Kim Stanley Robinson,"",9780593358825,paperback,read,2026/09/19,2026,2026-2026,1,"",,"","","","","",4.5,"","","","fiction, climate, science-fiction",No
La Belle Sauvage,Philip Pullman,"",9780385604413,hardcover,read,2026/09/19,2020,2020,1,"",,,,,,,,,"",,"fiction, fantasy",No
The Amber Spyglass,Philip Pullman,Chris Wormell (Illustrator),9781407186122,paperback,read,2026/09/19,2017,2017,1,"",,,,,,,,,"",,"fiction, fantasy",No
A Gentleman in Moscow,Amor Towles,"",9780143110439,paperback,read,2026/09/19,2023,2023,1,"",,,,,,,,,"",,"fiction, literary, historical",No
The Book of Form and Emptiness,Ruth Ozeki,"",9780399563645,hardcover,read,2026/09/19,2021,2021,1,"",,,,,,,,,"",,"fiction, magical-realism",No
A Prayer for the Crown-Shy,Becky Chambers,"",9781250236234,hardcover,read,2026/09/19,2026,2026,1,"",,"","","","","",4.25,"","","","lgbtqia, fiction, climate, science-fiction",No
The Fall,Albert Camus,Justin O'Brien (Translator),9780679720225,paperback,read,2026/09/23,2006,2006,1,"",,,,,,,,,"",,"fiction, literary",No
The Kingdom of Gods,N.K. Jemisin,"",9781841498195,paperback,read,2026/09/19,2018,2018,1,"",,,,,,,,,"",,"fiction, fantasy",No
A Desolation Called Peace,Arkady Martine,"",9781250186485,digital,read,2026/09/19,2023,2023,1,"",,,,,,,,,"",,"lgbtqia, fiction, science-fiction",No
The Plague,Albert Camus,Stuart Gilbert (Translator),0679720219,paperback,read,2026/09/21,2007,2007,1,"",,,,,,,,,"",,"fiction, literary",No
The Poisonwood Bible,Barbara Kingsolver,"",9780060786502,paperback,read,2026/09/19,2020,2020,1,"",,"","","","","",5.0,"","","","fiction, literary, historical",No
How Long 'til Black Future Month?,N.K. Jemisin,"",9780316491341,hardcover,read,2026/09/19,2023,2023,1,"",,,,,,,,,"",,"fiction, fantasy, short-story, science-fiction",No
"The Guarded Gate: Bigotry, Eugenics and the Law That Kept Two Generations of Jews, Italians, and Other European Immigrants Out of Americ",Daniel Okrent,"",9781476798035,hardcover,read,2026/09/19,2023,2023,1,"",,,,,,,,,"",,"nonfiction, history, politics",No
Good Omens,"Terry Pratchett, Neil Gaiman","",9780552167406,paperback,read,2026/09/19,2020,2020,1,"",,,,,,,,,"",,"fiction, fantasy",No
The Lacuna,Barbara Kingsolver,"",9780060852573,hardcover,read,2026/09/19,2015,2015,1,"",,,,,,,,,"",,"fiction, literary, historical",No
Station Eleven,Emily St. John Mandel,"",9780385353304,hardcover,read,2026/09/19,2023,2023,1,"",,,,,,,,,"",,"fiction, dystopic",No
A Wizard of Earthsea,Ursula K. Le Guin,"",9780553383041,paperback,read,2026/09/21,2016,2016,1,"",,,,,,,,,"",,"fiction, fantasy",No
Wild Dark Shore,Charlotte McConaghy,"",9781250827951,hardcover,read,2026/09/19,2026,2026,1,"",,"","","","","",4.5,"","","","fiction, climate, family",No
The Botany of Desire,Michael Pollan,"",9780375760396,paperback,read,2026/09/21,2017,2017,1,"",,,,,,,,,"",,"nonfiction, nature, food",No
Future Home of the Living God,Louise Erdrich,"",9780062694058,hardcover,read,2026/09/19,2021,2021,1,"",,,,,,,,,"",,"fiction, dystopic, science-fiction",No
The Wok: Recipes and Techniques,J. Kenji López-Alt,"",9780393541212,hardcover,read,2026/09/21,2023,2023,1,"",,,,,,,5.0,"","","","nonfiction, food",No
Artificial Condition,Martha Wells,"",9781250186928,hardcover,read,2026/09/19,2022,2022,1,"",,,,,,,,,"",,"fiction, science-fiction",No
Parable of the Talents,Octavia E. Butler,"",9780446610384,paperback,read,2026/09/19,2023,2023,1,"",,,,,,,,,"",,"fiction, dystopic, science-fiction",No
A Short History of Nearly Everything,Bill Bryson,"",9780767908184,paperback,read,2026/09/23,2007,2007,1,"",,,,,,,,,"",,"nonfiction, history, science",No
The Ministry of Time,Kaliane Bradley,"",9781668045145,hardcover,currently-reading,2026/09/20,"","",0,"",,,,,,,,,"",,"fiction, science-fiction",Yes
The Silmarillion,J.R.R. Tolkien,Christopher Tolkien (Contributor),9780618391110,hardcover,read,2026/09/21,2016,2016,1,"",,,,,,,,,"",,"fiction, fantasy",No
"Salt, Fat, Acid, Heat: Mastering the Elements of Good Cooking",Samin Nosrat,Wendy MacNaughton (Illustrator),9781476753836,hardcover,read,2026/09/21,2019,2019,1,"",,,,,,,4.5,"","","","nonfiction, food",No
Modeling Social Behavior: Mathematical and Agent-Based Models of Social Dynamics and Cultural Evolution,Paul Smaldino,"",9780691224138,hardcover,read,2026/09/19,2024,2024,1,"",,,,,,,,,"",,"nonfiction, math",No
The Dark Forest,Cixin Liu,Joel Martinsen (Translator),9781784971601,hardcover,read,2026/09/19,2025,2025,1,"",,,,,,,,,"",,"fiction, science-fiction",No
Ungrading: Why Rating Students Undermines Learning (and What to Do Instead),Susan D. Blum,"Arthur Chiaravalli, Alfie Kohn, Jesse Stommel, Christopher K. Riesbeck, John Warner, Marcus Schultz-Bergin, Cathy N. Davidson, Joy Kirr, Laura Gibbs, Gary Chu, Clarissa Sorensen-Unruh, Aaron Blackwelder, Christina Katopodis, Starr Sackstein",9781949199826,paperback,read,2026/09/19,2023,2023,1,"",,,,,,,,,"",,"nonfiction, pedagogy",No
"The Emperor's New Mind: Concerning Computers, Minds and the Laws of Physics",Roger Penrose,Martin Gardner,9780192861986,paperback,read,2026/09/22,2008,2008,1,"",,,,,,,,,"",,"nonfiction, math, philosophy",No
Blue Mars,Kim Stanley Robinson,"",9780553573350,paperback,read,2026/09/19,2026,2026,1,"",,"","","","","",4.25,"","","","fiction, climate, science-fiction",No
"Zen Mind, Beginner's Mind: Informal Talks on Zen Meditation and Practice",Shunryu Suzuki,"Richard Baker, Huston Smith, Trudy Dixon",9780834800793,paperback,read,2026/09/23,2008,2008,1,"",,,,,,,,,"",,"nonfiction, buddhism, spirituality",No
"Specifications Grading: Restoring Rigor, Motivating Students, and Saving Faculty Time",Linda B. Nilson,"",9781620362426,paperback,read,2026/09/19,2021,2021,1,"",,,,,,,,,"",,"nonfiction, pedagogy",No
The Road to Reality: A Complete Guide to the Laws of the Universe,Roger Penrose,"",9780679776314,paperback,read,2026/09/22,2008,2008,1,"",,,,,,,,,"",,"nonfiction, math, science",No
The Magic Mountain,Thomas Mann,John E. Woods (Translator),9780679772873,paperback,read,2026/09/21,"","",1,"",,,,,,,,,"",,"fiction, literary",No
Entitled: How Male Privilege Hurts Women,Kate Manne,"",9781984826558,hardcover,read,2026/09/19,2021,2021,1,"",,,,,,,,,"",,"nonfiction, feminism, sociology",No
Demon Copperhead,Barbara Kingsolver,"",9780063251922,hardcover,read,2026/09/19,2025,2025,1,"",,,,,,,,,"",,"fiction, literary",No
Something from Nothing: A Cookbook,Alison Roman,"",9781984826411,hardcover,read,2026/09/21,2023,2023,1,"",,,,,,,5.0,"","","","nonfiction, food",No
All the Light We Cannot See,Anthony Doerr,"",9781476746586,hardcover,read,2026/09/20,2023,2023,1,"",,,,,,,,,"",,"fiction, historical",No
The Miracle of Mindfulness: An Introduction to the Practice of Meditation,Thích Nhất Hạnh,"John Lee (Narrator), John Lee (Narrator), Mobi Ho (Translator)",9781452661186,audio,read,2026/09/22,2026,2026,1,"",,,,,,,,,"",,"nonfiction, buddhism, spirituality",No
Adulthood Rites,Octavia E. Butler,"",9780446603782,paperback,read,2026/09/19,2022,2022,1,"",,,,,,,,,"",,"fiction, science-fiction",No
Imago,Octavia E. Butler,"",9780446603638,paperback,read,2026/09/19,2022,2022,1,"",,,,,,,,,"",,"fiction, science-fiction",No
Life After Life,Kate Atkinson,"",9780316176484,hardcover,read,2026/09/19,2024,2024,1,"",,,,,,,,,"",,fiction,No
The Tombs of Atuan,Ursula K. Le Guin,"",9780689845369,paperback,read,2026/09/21,2016,2016,1,"",,,,,,,,,"",,"fiction, fantasy",No
Notes from the Underground,Fyodor Dostoevsky,"",9781453838433,paperback,read,2026/09/23,2006,2006,1,"",,,,,,,,,"",,"fiction, philosophy",No
The Fellowship of the Ring ,J.R.R. Tolkien,Rafat Allam (Contributor),9780618346257,paperback,read,2026/09/21,2006,2006,1,"",,,,,,,,,"",,"",No
How We Live Is How We Die,Pema Chödrön,"",9781611809244,hardcover,read,2026/09/19,2026,2026-2026,1,"",,,,,,,,,"",,"nonfiction, buddhism, spirituality",No
Automating Inequality,Virginia Eubanks,"",9781250074317,hardcover,read,2026/09/19,2020,2020,1,"",,,,,,,,,"",,"nonfiction, ai, tech-ethics",No
The Stone Sky,N.K. Jemisin,"",9780356508689,paperback,read,2026/09/19,2017,2017,1,"",,,,,,,,,"",,"fiction, fantasy, science-fiction",No
Sharks in the Time of Saviors,Kawai Strong Washburn,"",9780374272081,hardcover,read,2026/09/19,2023,2023,1,"",,,,,,,,,"",,"fiction, magical-realism",No
Fairness and Machine Learning,Solon Barocas,"Moritz Hardt, Arvind Narayanan",,digital,read,2026/09/19,2022,2022,1,"",,,,,,,,,"",,"nonfiction, math, tech-ethics",No
Little Fires Everywhere,Celeste Ng,"",9780735224292,hardcover,read,2026/09/19,2021,2021,1,"",,,,,,,,,"",,"fiction, literary",No
Invisible Women: Data Bias in a World Designed for Men,Caroline Criado Pérez,"",9781419729072,hardcover,read,2026/09/19,2021,2021,1,"",,,,,,,,,"",,"nonfiction, feminism, sociology",No
The Alloy of Law,Brandon Sanderson,"",9780765330420,hardcover,read,2026/09/19,2019,2019,1,"",,,,,,,,,"",,"fiction, fantasy, cosmere",No
MaddAddam,Margaret Atwood,"",9780385528788,hardcover,read,2026/09/21,2015,2015,1,"",,,,,,,,,"",,"fiction, dystopic",No
The 1619 Project: A New Origin Story,Nikole Hannah-Jones,"",9780593230572,hardcover,read,2026/09/19,2022,2022,1,"",,,,,,,,,"",,"nonfiction, race, history, essays",No
On Food and Cooking: The Science and Lore of the Kitchen,Harold McGee,"",9780684800011,hardcover,currently-reading,2026/09/19,"","",0,"",,,,,,,,,"",,"nonfiction, food",No
The Shadowed Sun,N.K. Jemisin,"",9780356500775,paperback,read,2026/09/19,2018,2018,1,"",,,,,,,,,"",,"fiction, fantasy",No
The Fifth Season,N.K. Jemisin,"",9780316229296,paperback,read,2026/09/19,2017,2017,1,"",,"","","","","",5.0,"","","","fiction, fantasy, science-fiction",No
Caliban's War,James S.A. Corey,"",9781841499901,paperback,read,2026/09/19,2025,2025,1,"",,,,,,,,,"",,"fiction, science-fiction",No
Hayao Miyazaki,"Peter Docter, Daniel Kothenschulte, Toshio Suzuki, Hayao Miyazaki, Jessica Niebel","",9781942884811,hardcover,read,2026/09/19,2026,2026-2026,1,"",,,,,,,,,"",,"nonfiction, art",No
1984,George Orwell,Charlotte Wood (Contributor),9781328869333,hardcover,read,2026/09/19,2007,2007,1,"",,,,,,,,,"",,"fiction, dystopic, science-fiction",No
Weapons of Math Destruction,Cathy O'Neil,"",9780553418811,hardcover,read,2026/09/19,2020,2020,1,"",,,,,,,,,"",,"nonfiction, ai, tech-ethics",No
The Killing Moon,N.K. Jemisin,"",9780356500768,paperback,read,2026/09/19,2018,2018,1,"",,,,,,,,,"",,"fiction, fantasy",No
The Phantom Tollbooth,Norton Juster,Jules Feiffer (Illustrator),9780394820378,paperback,read,2026/09/22,2004,2004,1,"",,,,,,,,,"",,"fiction, fantasy",No
Turing's Cathedral: The Origins of the Digital Universe,George Dyson,"",,,read,2026/09/23,2019,2019,1,"",,,,,,,,,"",,"nonfiction, history, science",No
Abaddon's Gate,James S.A. Corey,"",9781841499925,paperback,read,2026/09/19,2025,2025,1,"",,,,,,,,,"",,"fiction, science-fiction",No
Atomic Habits: An Easy & Proven Way to Build Good Habits & Break Bad Ones,James Clear,"",9780735211292,hardcover,read,2026/09/19,2025,2025,1,"",,,,,,,,,"",,"nonfiction, psychology",No
A Memory Called Empire,Arkady Martine,"",9781529001587,paperback,read,2026/09/19,2023,2023,1,"",,"","","","","",5.0,"","","","lgbtqia, fiction, science-fiction",No
"Resistance, Rebellion, and Death: Essays",Albert Camus,"",9780679764014,paperback,read,2026/09/23,2006,2006,1,"",,,,,,,,,"",,"nonfiction, philosophy, essays",No
Blue Machine: How the Ocean Shapes Our World,Helen Czerski,"",9781804991961,paperback,read,2026/09/19,2026,2026,1,"",,,,,,,,,"",,"nonfiction, climate, biology",No
"Gödel, Escher, Bach: an Eternal Golden Braid",Douglas R. Hofstadter,"",9780465026562,paperback,read,2026/09/22,2008,2008,1,"",,,,,,,,,"",,"nonfiction, math, philosophy",No
Unmasking Autism: Discovering the New Faces of Neurodiversity,Devon Price,"",9780593235232,hardcover,read,2026/09/19,2024,2024,1,"",,,,,,,,,"",,"nonfiction, psychology",No
The Well of Ascension,Brandon Sanderson,"",9780765316882,hardcover,read,2026/09/19,2017,2017,1,"",,,,,,,,,"",,"fiction, fantasy, cosmere",No
H is for Hawk,Helen MacDonald,"",9780224097000,hardcover,read,2026/09/19,2026,2026-2026,1,"",,,,,,,,,"",,"nonfiction, mental-health, memoir",No
Everything I Never Told You,Celeste Ng,"",9781594205712,hardcover,read,2026/09/19,2023,2023,1,"",,,,,,,,,"",,"fiction, historical, mystery",No
Death's End,Cixin Liu,Ken Liu (Translator),9780765377104,hardcover,read,2026/09/19,2025,2025,1,"",,,,,,,,,"",,"fiction, science-fiction",No
Rhythm of War,Brandon Sanderson,"",9780765326386,hardcover,read,2026/09/19,2021,2021,1,"",,,,,,,,,"",,"fiction, fantasy, cosmere",No
Cibola Burn,James S.A. Corey,"",9780356504193,paperback,read,2026/09/19,2025,2025,1,"",,,,,,,,,"",,"fiction, science-fiction",No
The Year of the Flood,Margaret Atwood,"",9780385528771,hardcover,read,2026/09/21,2014,2014,1,"",,,,,,,,,"",,"fiction, dystopic",No
"Polysecure: Attachment, Trauma and Consensual Nonmonogamy",Jessica Fern,"Nora Samaran (Contributor), Eve Rickert (Contributor)",9781944934989,paperback,read,2026/09/19,2024,2024,1,"",,,,,,,,,"",,"nonfiction, psychology, relationships",No
Dawn,Octavia E. Butler,"",9780446603775,paperback,read,2026/09/19,2022,2022,1,"",,,,,,,,,"",,"fiction, science-fiction",No
Words of Radiance,Brandon Sanderson,"",9780765326362,hardcover,read,2026/09/19,2018,2018,1,"",,,,,,,,,"",,"fiction, fantasy, cosmere",No
The Subtle Knife,Philip Pullman,"",9780679879251,hardcover,read,2026/09/19,2017,2017,1,"",,,,,,,,,"",,"fiction, fantasy",No
The Bands of Mourning,Brandon Sanderson,"",9781466862678,digital,read,2026/09/19,2019,2019,1,"",,,,,,,,,"",,"fiction, fantasy, cosmere",No
Ancillary Justice,Ann Leckie,"",9780316246620,paperback,read,2026/09/19,2024,2024,1,"",,,,,,,,,"",,"fiction, science-fiction",No
The Hobbit: or There and Back Again,J.R.R. Tolkien,J.R.R. Tolkien (Illustrator),9780618260300,paperback,read,2026/09/21,2006,2006,1,"",,,,,,,,,"",,"fiction, fantasy",No
Teaching to Transgress: Education as the Practice of Freedom,bell hooks,"",0415908086,paperback,read,2026/09/19,2023,2023,1,"",,,,,,,,,"",,"nonfiction, feminism, education, pedagogy",No
How to Do Nothing: Resisting the Attention Economy,Jenny Odell,"",9781612197494,hardcover,read,2026/09/19,2024,2024,1,"",,,,,,,,,"",,"nonfiction, psychology, tech-ethics",No
The House in the Cerulean Sea,TJ Klune,"",9781250217325,digital,read,2026/09/19,2021,2021,1,"",,,,,,,,,"",,"lgbtqia, fiction, fantasy",No
Einstein: His Life and Universe,Walter Isaacson,"",9780743264730,hardcover,read,2026/09/22,2008,2008,1,"",,,,,,,,,"",,"nonfiction, history, science, biography",No
"For All the Tea in China: Espionage, Empire and the Secret Formula for the World's Favourite Drink",Sarah Rose,"",9780091797065,hardcover,read,2026/09/23,2021,2021,1,"",,,,,,,,,"",,"nonfiction, history",No
Calling Bullshit: The Art of Skepticism in a Data-Driven World,"Jevin D. West, Carl T. Bergstrom","",9780525509189,hardcover,read,2026/09/19,2021,2021,1,"",,,,,,,,,"",,"nonfiction, tech-ethics",No
The Final Empire,Brandon Sanderson,"",9780765311788,hardcover,read,2026/09/19,2017,2017,1,"",,"","","","","",4.25,"","","","fiction, fantasy, cosmere",No
The Farthest Shore,Ursula K. Le Guin,"",9781416509646,paperback,read,2026/09/21,2016,2016,1,"",,,,,,,,,"",,"fiction, fantasy",No
Philosophical Investigations & Philosophische Untersuchungen,"Rush Rhees, Ludwig Wittgenstein",G.E.M. Anscombe (Translator),9780631205692,paperback,read,2026/09/21,2011,2011,1,"",,,,,,,,,"",,"nonfiction, philosophy",No
The Return of the King,J.R.R. Tolkien,"",9780261102378,paperback,read,2026/09/21,2006,2006,1,"",,,,,,,,,"",,"fiction, fantasy",No
Linear Algebra and Optimization for Machine Learning: A Textbook,Charu C. Aggarwal,"",9783030403430,hardcover,read,2026/09/19,2021,2021,1,"",,,,,,,,,"",,"nonfiction, ai, math",No
Must We Mean What We Say?: A Book of Essays,Stanley Cavell,"","",paperback,read,2026/09/21,2010,2010,1,"",,,,,,,4.75,"","","","nonfiction, language, philosophy",No
Foundation,Isaac Asimov,"",9780553293357,paperback,read,2026/09/19,2007,2007,1,"",,"","","","","",4.25,"","","","fiction, science-fiction",No
The Ministry for the Future,Kim Stanley Robinson,"",9780316300131,hardcover,read,2026/09/19,2026,2026,1,"",,"","","","","",4.5,"","","","fiction, climate, science-fiction",No
Network Effect,Martha Wells,"",9781250229861,hardcover,read,2026/09/19,2022,2022,1,"",,,,,,,,,"",,"fiction, science-fiction",No
The Body: A Guide for Occupants,Bill Bryson,"",9780385539302,hardcover,read,2026/09/19,2026,2026-2026,1,"",,,,,,,,,"",,"nonfiction, biology",No
The Bean Trees,Barbara Kingsolver,"",0812474945,paperback,read,2026/09/19,2015,2015,1,"",,,,,,,,,"",,"fiction, literary",No
Heisenberg's War,Thomas Powers,"",9780306810114,paperback,read,2026/09/19,2024,2024,1,"",,,,,,,,,"",,"nonfiction, history, biography",No
Piranesi,Susanna Clarke,"",9781635575637,hardcover,read,2026/09/19,2024,2024,1,"",,,,,,,,,"",,"fiction, fantasy",No
Green Mars,Kim Stanley Robinson,"",9780593358849,paperback,read,2026/09/19,2026,2026,1,"",,"","","","","",4.0,"","","","fiction, climate, science-fiction",No
Blood Over Bright Haven,M.L. Wang,"Uta Simone (Narrator), Ulrike Brauns (Translator)",B0B5KLVCHZ,digital,read,2026/09/19,2025,2025,1,"",,,,,,,,,"",,"fiction, fantasy",No
Caste: The Origins of Our Discontents,Isabel Wilkerson,"",9780593230251,hardcover,read,2026/09/19,2024,2024,1,"",,,,,,,,,"",,"nonfiction, race, history, socio",No
The Symposium,Plato,Christopher Gill (Translator),9780140449273,paperback,read,2026/09/22,2011,2011,1,"",,,,,,,,,"",,"nonfiction, philosophy",No
Project Hail Mary,Andy Weir,"",9780593135204,hardcover,read,2026/09/19,2025,2025,1,"",,,,,,,,,"",,"fiction, science-fiction",No
The Rebel: An Essay on Man in Revolt,Albert Camus,Anthony Bower (Translator),9780679733843,paperback,read,2026/09/23,2006,2006,1,"",,,,,,,,,"",,"nonfiction, philosophy, essays",No
The Secret Commonwealth,Philip Pullman,Christopher Wormell (Illustrator),9780241373347,paperback,read,2026/09/19,2020,2020,1,"",,,,,,,,,"",,"fiction, fantasy",No
Dawnshard,Brandon Sanderson,"",9781803361062,hardcover,read,2026/09/19,2025,2025,1,"",,,,,,,,,"",,"fiction, fantasy, cosmere",No
Under the Whispering Door,TJ Klune,"",9781250217349,hardcover,read,2026/09/19,2023,2023,1,"",,,,,,,,,"",,"lgbtqia, fiction, fantasy",No
The Night Circus,Erin Morgenstern,"",9780385534635,hardcover,read,2026/09/19,2016,2016,1,"",,"","","","","",4.0,"","","","fiction, romance, fantasy",No
Fourth Wing,Rebecca Yarros,"",B0BGDM197Q,digital,read,2026/09/19,2025,2025,1,"",,,,,,,,,"",,"fiction, romance, fantasy",No
"""Why Are All The Black Kids Sitting Together in the Cafeteria?"": A Psychologist Explains the Development of Racial Identity",Beverly Daniel Tatum,"",9780465083619,paperback,read,2026/09/19,2023,2023,1,"",,,,,,,,,"",,"nonfiction, race, psychology, education",No
Nonlinear Dynamics and Chaos,Steven Strogatz,"",9780813349107,paperback,read,2026/09/21,2023,2023,1,"",,,,,,,,,"",,"nonfiction, math",No
The Hundred Thousand Kingdoms,N.K. Jemisin,"",9780316043915,paperback,read,2026/09/19,2018,2018,1,"",,,,,,,,,"",,"fiction, fantasy",No
The Obelisk Gate,N.K. Jemisin,"",9780356508368,paperback,read,2026/09/19,2017,2017,1,"",,,,,,,,,"",,"fiction, fantasy, science-fiction",No
Maybe You Should Talk to Someone,Lori Gottlieb,"",9781328662057,hardcover,read,2026/09/19,2026,2026,1,"",,,,,,,,,"",,"nonfiction, psychology, memoir",No
Slow Productivity: The Lost Art of Accomplishment Without Burnout,Cal Newport,"",9780593544853,hardcover,read,2026/09/19,2024,2024,1,"",,,,,,,,,"",,"nonfiction, psychology",No
Rose/House,Arkady Martine,David Curtis (Illustrator),9781645240334,hardcover,read,2026/09/19,2025,2025,1,"",,,,,,,,,"",,"fiction, science-fiction",No
"Thinking, Fast and Slow",Daniel Kahneman,"",9780374275631,hardcover,read,2026/09/19,2020,2020,1,"",,,,,,,,,"",,"nonfiction, psychology",No
The Awakened Kingdom,N.K. Jemisin,"",B00LSX3UOQ,digital,read,2026/09/19,2019,2019,1,"",,,,,,,,,"",,"fiction, fantasy",No
"Nurture: A Modern Guide to Pregnancy, Birth, Early Motherhood--And Trusting Yourself and Your Body",Erica Chidi Cohen,Jillian Ditner (Illustrator),9781452152639,paperback,currently-reading,2026/09/19,"","",0,"",,,,,,,,,"",,"parenthood, nonfiction",No
Ancillary Sword,Ann Leckie,"",9780316246651,paperback,read,2026/09/19,2024,2024,1,"",,,,,,,,,"",,"fiction, science-fiction",No
Leviathan Wakes,James S.A. Corey,"",9781841499888,paperback,read,2026/09/19,2025,2025,1,"",,,,,,,,,"",,"fiction, science-fiction",No
Iron Flame,Rebecca Yarros,"",9781649374172,hardcover,read,2026/09/19,2025,2025,1,"",,,,,,,,,"",,"fiction, romance, fantasy",No
Fevered Star,Rebecca Roanhorse,"",9781534437739,hardcover,read,2026/09/19,2023,2023,1,"",,,,,,,,,"",,"lgbtqia, fiction, fantasy",No
The Silk Roads: A New History of the World,Peter Frankopan,Laurence Kennedy (Narrator),9781408839973,hardcover,read,2026/09/19,2022,2022,1,"",,,,,,,,,"",,"nonfiction, history",No
"Animal, Vegetable, Miracle: A Year of Food Life",Barbara Kingsolver,"Camille Kingsolver, Steven L. Hopp",9780060852559,hardcover,read,2026/09/19,2015,2015,1,"",,,,,,,,,"",,"nonfiction, food, memoir",No
The Salt Stones: Seasons of a Shepherd's Life,Helen Whybrow,"",9781571311627,hardcover,to-read,2026/09/21,"","",0,"",,,,,,,,,"",,"",No
Translation State,Ann Leckie,"",9780316289719,hardcover,read,2026/09/19,2025,2025,1,"",,,,,,,,,"",,"fiction, science-fiction",No
Rogue Protocol,Martha Wells,"",9781250191786,hardcover,read,2026/09/19,2022,2022,1,"",,,,,,,,,"",,"fiction, science-fiction",No
Breath Sweeps Mind,Jean Smith,"",,,read,2026/09/19,2025,2025,1,"",,,,,,,,,"",,"nonfiction, buddhism, spirituality",No
Elantris,Brandon Sanderson,"",9780765350374,paperback,read,2026/09/19,2018,2018,1,"",,,,,,,,,"",,"fiction, fantasy, cosmere",No
Balance in Motion: Cultural BioMechanics Background of Aikido Formation,Kei Izawa,"","",,read,2026/09/21,"","",1,"",,,,,,,,,"",,"nonfiction, aikido",No
Far Sector,N.K. Jemisin,Jamal Campbell (Illustrator),9781779512055,paperback,read,2026/09/19,2023,2023,1,"",,,,,,,,,"",,"lgbtqia, fiction, comic",No
The Lost Metal,Brandon Sanderson,"",9780765391193,hardcover,read,2026/09/19,2019,2019,1,"",,,,,,,,,"",,"fiction, fantasy, cosmere",No
Washington: A Life,Ron Chernow,"",9781594202667,hardcover,read,2026/09/19,2020,2020,1,"",,,,,,,,,"",,"nonfiction, history, biography",No
The Myth of Sisyphus and Other Essays,Albert Camus,Justin O'Brien (Translator),0679733736,paperback,read,2026/09/23,2006,2006,1,"",,,,,,,,,"",,"nonfiction, philosophy, essays",No
Tress of the Emerald Sea,Brandon Sanderson,Howard Lyon (Illustrator),9781250899651,hardcover,read,2026/09/19,2024,2024,1,"",,,,,,,,,"",,"fiction, fantasy, cosmere",No
Everything is Tuberculosis,John Green,"",9780525556572,hardcover,read,2026/09/19,2026,2026-2026,1,"",,,,,,,4.25,"","","","nonfiction, public-health",No
Ender's Game,Orson Scott Card,"",9781250773012,paperback,read,2026/09/19,2007,2007,1,"",,"","","","","",4.0,"","","","fiction, science-fiction",No
The Making of the Atomic Bomb,Richard Rhodes,"",9780684813783,paperback,read,2026/09/19,2020,2020,1,"",,,,,,,,,"",,"nonfiction, history",No
The Coddling of the American Mind: How Good Intentions and Bad Ideas Are Setting Up a Generation for Failure,Greg Lukianoff,Jonathan Haidt,9780525627111,audio,read,2026/09/22,2025,2025,1,"",,,,,,,,,"",,"nonfiction, psychology, education",No
Republic,Plato,"C.D.C. Reeve, G.M.A. Grube",9780872201361,paperback,read,2026/09/22,2011,2011,1,"",,,,,,,,,"",,"nonfiction, philosophy, politics",No
Mirrored Heavens,Rebecca Roanhorse,"",9781534437708,hardcover,read,2026/09/19,2024,2024,1,"",,,,,,,,,"",,"lgbtqia, fiction, fantasy",No
The Midnight Library,Matt Haig,"",9780525559474,hardcover,read,2026/09/19,2026,2026,1,"",,"","","","","",2.75,"","","","fiction, fantasy",No
Cooked: A Natural History of Transformation,Michael Pollan,"",9781594204210,hardcover,read,2026/09/19,2024,2024,1,"",,,,,,,,,"",,"nonfiction, food",No
"Nice White Ladies: The Truth about White Supremacy, Our Role in It, and How We Can Help Dismantle It",Jessie Daniels,"",9781541675865,hardcover,read,2026/09/19,2023,2023,1,"",,,,,,,,,"",,"nonfiction, race, feminism",No
The Book Thief,Markus Zusak,"",9780375831003,hardcover,read,2026/09/19,2024,2024,1,"",,,,,,,,,"",,"fiction, historical",No
"Why Fish Don't Exist: A Story of Loss, Love, and the Hidden Order of Life",Lulu Miller,Kate Samworth (Illustrator),9781501160349,paperback,read,2026/09/19,2024,2024,1,"",,,,,,,,,"",,"nonfiction, biography, biology",No
The Brothers Karamazov,Fyodor Dostoevsky,"Richard Pevear (Translator), Larissa Volokhonsky (Translator), Constance Garnett (Translator), A.D.P. Briggs (Contributor)",9780374528379,paperback,currently-reading,2026/09/19,"","",0,"",,,,,,,,,"",,"fiction, family",No
Provenance,Ann Leckie,"",9780316388634,digital,read,2026/09/19,2024,2024,1,"",,,,,,,,,"",,"fiction, science-fiction",No
"Paradise by Morrison, Toni New Edition",Toni Morrison,"","",paperback,read,2026/09/19,2021,2021,1,"",,,,,,,,,"",,"fiction, literary",No
The Golden Compass,Philip Pullman,"",9780679879244,hardcover,read,2026/09/19,2017,2017,1,"",,,,,,,,,"",,"fiction, fantasy",No
The Tainted Cup,Robert Jackson Bennett,"",9781984820709,hardcover,read,2026/09/19,2025,2025,1,"",,,,,,,,,"",,"fiction, fantasy, mystery",No
Aikido Exercises for Teaching and Training,C. M. Shifflett,"",9781583942178,paperback,read,2026/09/21,2019,2019,1,"",,,,,,,,,"",,"nonfiction, aikido",No
Sea of Tranquility,Emily St. John Mandel,"",9780593321447,hardcover,to-read,2026/09/20,"","",0,"",,,,,,,,,"",,"",No
Leaves of Grass: First and Death-Bed Editions,"Karen Karbiener, Walt Whitman","","",paperback,read,2026/09/21,2008,2008,1,"",,,,,,,,,"",,"",No
A Psalm for the Wild-Built,Becky Chambers,"",9781250236210,hardcover,read,2026/09/19,2026,2026,1,"",,"","","","","",4.5,"","","","lgbtqia, fiction, climate, science-fiction",No
Shadows of Self,Brandon Sanderson,"",9780765378552,hardcover,read,2026/09/19,2019,2019,1,"",,,,,,,,,"",,"fiction, fantasy, cosmere",No
Cloud Cuckoo Land,Anthony Doerr,"",9781982168438,hardcover,read,2026/09/19,2022,2022,1,"",,,,,,,,,"",,"fiction, historical, science-fiction",No
The AI Con: How to Fight Big Tech's Hype and Create the Future We Want,"Emily M. Bender, Alex Hanna","",9780063418561,hardcover,read,2026/09/19,2026,2026,1,"",,,,,,,4.0,"","","","nonfiction, ai, tech-ethics",No
The Name of the Wind,Patrick Rothfuss,"",9780756404079,hardcover,read,2026/09/19,2018,2018,1,"",,,,,,,,,"",,"fiction, fantasy",No
Wind and Truth,Brandon Sanderson,"",9781250319180,hardcover,read,2026/09/19,2025,2025,1,"",,,,,,,,,"",,"fiction, fantasy, cosmere",No
Chain-Gang All-Stars,Nana Kwame Adjei-Brenyah,"",9780593317334,hardcover,to-read,2026/09/21,"","",0,"",,,,,,,,,"",,"",No
Ancillary Mercy,Ann Leckie,"",0356502422,paperback,read,2026/09/19,2024,2024,1,"",,,,,,,,,"",,"fiction, science-fiction",No
Stepping Off The Mat,Rick Berry,"","",paperback,read,2026/09/21,2012,2012,1,"",,,,,,,,,"",,"nonfiction, aikido",No
Nicomachean Ethics,Aristotle,Terence Irwin,9780872204645,paperback,read,2026/09/22,2011,2011,1,"",,,,,,,,,"",,"nonfiction, philosophy, politics",No
The Storm Before the Storm: The Beginning of the End of the Roman Republic,Mike Duncan,"",9781610397216,hardcover,read,2026/09/21,2021,2021,1,"",,,,,,,,,"",,"nonfiction, history",No
Oryx and Crake,Margaret Atwood,"",9780385721677,paperback,read,2026/09/21,2014,2014,1,"",,,,,,,,,"",,"fiction, dystopic",No
Stamped from the Beginning: The Definitive History of Racist Ideas in America,Ibram X. Kendi,"",9781568584638,hardcover,read,2026/09/19,2022,2022,1,"",,,,,,,,,"",,"nonfiction, race, history",No
The Goblin Emperor,Katherine Addison,"",9780765326997,hardcover,read,2026/09/19,2022,2022,1,"",,,,,,,,,"",,"fiction, fantasy",No
Justice as Fairness: A Restatement,John Rawls,"",9780674005112,paperback,read,2026/09/22,2011,2011,1,"",,,,,,,,,"",,"nonfiction, philosophy, politics",No
The Starless Sea,Erin Morgenstern,"",9780385541213,hardcover,read,2026/09/19,2021,2021,1,"",,,,,,,,,"",,"lgbtqia, fiction, fantasy",No
The Art of Gathering: How We Meet and Why It Matters,Priya Parker,"",9781594634925,hardcover,read,2026/09/19,2026,2026,1,"",,,,,,,,,"",,"nonfiction, psychology",No
"AI Snake Oil: What Artificial Intelligence Can Do, What It Can't, and How to Tell the Difference","Sayash Kapoor, Arvind Narayanan","",9780691249131,hardcover,read,2026/09/19,2025,2025,1,"",,,,,,,,,"",,"nonfiction, ai, tech-ethics",No
Zen and the Art of Motorcycle Maintenance: An Inquiry Into Values,Robert M. Pirsig,"",9780060589462,paperback,read,2026/09/23,2007,2007,1,"",,,,,,,,,"",,"fiction, philosophy",No
Vera Wong's Unsolicited Advice for Murderers,Jesse Q. Sutanto,"",9780593549223,paperback,read,2026/09/19,2026,2026,1,"",,"","","","","",4.25,"","","","fiction, family, mystery",No
The Sabbath World: Glimpses of a Different Order of Time,Judith Shulevitz,"",1400062004,hardcover,read,2026/09/19,2025,2025,1,"",,,,,,,,,"",,"nonfiction, judaism, spirituality",No
A Trade of Blood,Robert Jackson Bennett,"",9780593723852,hardcover,read,2026/09/19,2026,2026,1,"",,,,,,,,,"",,"fiction, fantasy, mystery",No
"Lost Kingdom: Hawaii's Last Queen, the Sugar Kings and America's First Imperial Adventure",Julia Flynn Siler,"",9780802120014,hardcover,read,2026/09/19,2023,2023,1,"",,,,,,,,,"",,"nonfiction, history",No
An Indigenous Peoples' History of the United States,Roxanne Dunbar-Ortiz,"",9780807000403,hardcover,read,2026/09/19,2021,2021,1,"",,,,,,,,,"",,"nonfiction, history, politics",No
The Seducer's Diary,Søren Kierkegaard,"Edna Hatlestad Hong, Howard Vincent Hong",,,read,2026/09/23,2007,2007,1,"",,,,,,,,,"",,"fiction, philosophy",No
The Invisible Life of Addie LaRue,V.E. Schwab,"",9780765387561,hardcover,read,2026/09/19,2024,2024,1,"",,,,,,,,,"",,"fiction, fantasy",No
Race After Technology: Abolitionist Tools for the New Jim Code,Ruha Benjamin,"",9781509526437,digital,read,2026/09/19,2023,2023,1,"",,,,,,,,,"",,"nonfiction, race, tech-ethics",No
The Sunlit Man,Brandon Sanderson,"Kudriaken (Illustrator), Ernanda Souza (Illustrator), Nabetse Zitro (Illustrator)",9781938570391,hardcover,read,2026/09/19,2025,2025,1,"",,,,,,,,,"",,"fiction, fantasy, cosmere",No
"Careless People: A Cautionary Tale of Power, Greed, and Lost Idealism",Sarah Wynn-Williams,"",9781250391230,hardcover,read,2026/09/22,2026,2026,1,"",,,,,,,,,"",,"nonfiction, tech-ethics, memoir",No
Prodigal Summer,Barbara Kingsolver,"",9780060959036,paperback,read,2026/09/19,2017,2017,1,"",,,,,,,,,"",,"fiction, literary",No
The Hero of Ages,Brandon Sanderson,"",9780765316899,hardcover,read,2026/09/19,2017,2017,1,"",,,,,,,,,"",,"fiction, fantasy, cosmere",No
Black Sun,Rebecca Roanhorse,"",9781534437678,hardcover,read,2026/09/19,2021,2021,1,"",,,,,,,,,"",,"lgbtqia, fiction, fantasy",No
"To Be Taught, If Fortunate",Becky Chambers,"",9781529317350,hardcover,to-read,2026/09/20,"","",0,"",,,,,,,,,"",,"",No
These Truths: A History of the United States,Jill Lepore,"",9780393635249,hardcover,read,2026/09/19,2021,2021,1,"",,,,,,,,,"",,"nonfiction, history, politics",No
The Testaments,Margaret Atwood,"",9781784742324,hardcover,read,2026/09/19,2026,2026,1,"",,,,,,,,,"",,"fiction, dystopic",No
Abundance,"Ezra Klein, Derek Thompson","",9781668023488,hardcover,read,2026/09/19,2026,2026,1,"",,,,,,,4.0,"","","","politics, economics",No
The Power of Ritual: How to Create Meaning and Connection in Everything You Do,Casper ter Kuile,"",9780062882066,digital,read,2026/09/19,2026,2026-2026,1,"",,,,,,,,,"",,"nonfiction, spirituality",No
